source,benchmark,category,model_type,device,kernel_count,peak_performance_tflops,median_performance_tflops,median_arithmetic_intensity,median_xtime_ns,coverage_rank
"accuracy-cuda","accuracy","Machine learning","cuda","3080",1,0.0,0.0,0.0,511840.0,36.0
"accuracy-cuda","accuracy","Machine learning","cuda","A10",1,0.0,0.0,0.0,705045.0,36.0
"accuracy-cuda","accuracy","Machine learning","cuda","A100",1,0.022509,0.022509,0.025408,372672.0,42.0
"accuracy-cuda","accuracy","Machine learning","cuda","H100",1,0.0503,0.0503,0.025406,166773.0,39.0
"accuracy-omp","accuracy","Machine learning","omp","3080",1,0.0,0.0,0.0,624565.0,27.0
"accuracy-omp","accuracy","Machine learning","omp","A10",1,0.0,0.0,0.0,919723.0,27.0
"accuracy-omp","accuracy","Machine learning","omp","A100",1,0.006367,0.006367,0.012703,658859.0,36.0
"accuracy-omp","accuracy","Machine learning","omp","H100",1,0.000132,0.000132,0.000122,304768.0,36.0
"ace-cuda","ace","Simulation","cuda","3080",6,0.277342,0.117549,1.681973,15530586.5,22.0
"ace-cuda","ace","Simulation","cuda","A10",6,0.180439,0.076417,1.21208,23652645.5,23.0
"ace-cuda","ace","Simulation","cuda","A100",6,3.343117,2.550257,4.239902,2068357.5,8.0
"ace-cuda","ace","Simulation","cuda","H100",6,7.092146,3.19964,1.937238,1158922.5,6.0
"ace-omp","ace","Simulation","omp","3080",5,0.286468,0.0,0.0,3038800.0,17.0
"ace-omp","ace","Simulation","omp","A10",5,0.187761,0.0,0.0,4225387.0,16.0
"ace-omp","ace","Simulation","omp","A100",5,2.889383,0.159252,0.126094,1607515.0,7.0
"ace-omp","ace","Simulation","omp","H100",5,5.40539,0.013702,0.20081,992853.0,7.0
"adam-cuda","adam","Machine learning","cuda","3080",1,2.065691,2.065691,1080.48777,89515.0,10.0
"adam-cuda","adam","Machine learning","cuda","A10",1,1.264057,1.264057,973.677193,146283.0,10.0
"adam-cuda","adam","Machine learning","cuda","A100",1,1.504855,1.504855,1133.635708,128245.0,16.0
"adam-cuda","adam","Machine learning","cuda","H100",1,2.175389,2.175389,1130.23369,88715.0,18.0
"adam-omp","adam","Machine learning","omp","3080",1,1.708939,1.708939,1088.040039,116320.0,9.0
"adam-omp","adam","Machine learning","omp","A10",1,1.051335,1.051335,995.085415,189077.0,9.0
"adam-omp","adam","Machine learning","omp","A100",1,1.38978,1.38978,1276.5214,154603.0,13.0
"adam-omp","adam","Machine learning","omp","H100",1,2.018413,2.018413,1273.376926,106432.0,13.0
"adamw-cuda","adamw","Machine learning","cuda","3080",1,1.811151,1.811151,4.253712,65152.0,11.0
"adamw-cuda","adamw","Machine learning","cuda","A10",1,1.207036,1.207036,3.796632,97760.0,11.0
"adamw-cuda","adamw","Machine learning","cuda","A100",1,2.741763,2.741763,7.225087,48811.0,10.0
"adamw-cuda","adamw","Machine learning","cuda","H100",1,4.498014,4.498014,7.578324,30635.0,13.0
"adamw-omp","adamw","Machine learning","omp","3080",1,0.401561,0.401561,3.891513,268949.0,14.0
"adamw-omp","adamw","Machine learning","omp","A10",1,0.263307,0.263307,3.381535,410165.0,14.0
"adamw-omp","adamw","Machine learning","omp","A100",1,0.582197,0.582197,7.088805,226432.0,20.0
"adamw-omp","adamw","Machine learning","omp","H100",1,0.814225,0.814225,7.047793,157301.0,18.0
"addBiasQKV-cuda","addBiasQKV","Machine learning","cuda","3080",1,1.021709,1.021709,4.051905,147787.0,16.0
"addBiasQKV-cuda","addBiasQKV","Machine learning","cuda","A10",1,0.671397,0.671397,3.490825,224896.0,16.0
"addBiasQKV-cuda","addBiasQKV","Machine learning","cuda","A100",1,1.447865,1.447865,5.757874,104288.0,17.0
"addBiasQKV-cuda","addBiasQKV","Machine learning","cuda","H100",1,4.021464,4.021464,4.148791,23467.0,14.0
"addBiasResidualLayerNorm-cuda","addBiasResidualLayerNorm","Machine learning","cuda","3080",3,2.47631,1.636298,4.58611,29899.0,7.0
"addBiasResidualLayerNorm-cuda","addBiasResidualLayerNorm","Machine learning","cuda","A10",3,1.68841,1.064585,4.026541,45957.5,7.0
"addBiasResidualLayerNorm-cuda","addBiasResidualLayerNorm","Machine learning","cuda","A100",3,4.717543,3.135655,8.231986,19643.0,6.0
"addBiasResidualLayerNorm-cuda","addBiasResidualLayerNorm","Machine learning","cuda","H100",3,6.689803,4.482877,7.250344,12363.0,7.0
"adjacent-cuda","adjacent","Language and kernel features","cuda","3080",1,0.0,0.0,0.0,1165109.0,36.0
"adjacent-cuda","adjacent","Language and kernel features","cuda","A10",1,0.0,0.0,0.0,1636565.0,36.0
"adjacent-cuda","adjacent","Language and kernel features","cuda","A100",1,0.177755,0.17722,0.127454,564277.0,36.0
"adjacent-cuda","adjacent","Language and kernel features","cuda","H100",1,0.0,0.0,0.0,259168.0,45.0
"adjacent-omp","adjacent","Language and kernel features","omp","3080",3,0.0,0.0,0.0,1344053.0,27.0
"adjacent-omp","adjacent","Language and kernel features","omp","A10",3,0.0,0.0,0.0,1924896.0,27.0
"adjacent-omp","adjacent","Language and kernel features","omp","A100",3,0.541604,0.525672,0.506289,760928.0,21.0
"adjacent-omp","adjacent","Language and kernel features","omp","H100",3,0.929168,0.862931,0.51014,465365.0,17.0
"adv-cuda","adv","Simulation","cuda","3080",1,0.079159,0.079159,2.259213,390219.0,31.0
"adv-cuda","adv","Simulation","cuda","A10",1,0.04879,0.04879,2.280715,633216.0,31.0
"adv-cuda","adv","Simulation","cuda","A100",1,0.197272,0.197272,5.589238,156597.0,34.0
"adv-cuda","adv","Simulation","cuda","H100",1,0.299343,0.299343,5.587725,103200.0,32.0
"adv-omp","adv","Simulation","omp","3080",1,0.071851,0.071851,1.024703,397088.0,22.0
"adv-omp","adv","Simulation","omp","A10",1,0.044288,0.044288,1.219982,644352.0,22.0
"adv-omp","adv","Simulation","omp","A100",1,0.174542,0.174542,5.166386,163563.0,29.0
"adv-omp","adv","Simulation","omp","H100",1,0.263769,0.263769,5.161492,108171.0,24.0
"affine-cuda","affine","Computer vision and image processing","cuda","3080",1,0.838147,0.838147,5.781565,4629.0,17.0
"affine-cuda","affine","Computer vision and image processing","cuda","A10",1,0.542099,0.542099,4.824543,7157.0,17.0
"affine-cuda","affine","Computer vision and image processing","cuda","A100",1,0.865232,0.865232,9.338549,5696.0,22.0
"affine-cuda","affine","Computer vision and image processing","cuda","H100",1,0.972624,0.972624,7.349882,3989.0,22.0
"affine-omp","affine","Computer vision and image processing","omp","3080",1,3.268125,3.268125,35.389035,7925.0,5.0
"affine-omp","affine","Computer vision and image processing","omp","A10",1,2.078808,2.078808,30.500862,12459.0,6.0
"affine-omp","affine","Computer vision and image processing","omp","A100",1,3.317177,3.317177,51.021235,8192.0,6.0
"affine-omp","affine","Computer vision and image processing","omp","H100",1,5.16722,5.16722,58.439525,6027.0,8.0
"aidw-cuda","aidw","Geoscience","cuda","3080",2,2.213386,1.734868,3420.434663,588821.5,9.0
"aidw-cuda","aidw","Geoscience","cuda","A10",2,1.360992,1.082161,2645.685228,934176.0,9.0
"aidw-cuda","aidw","Geoscience","cuda","A100",2,2.250983,1.54564,3455.921346,771296.0,13.0
"aidw-cuda","aidw","Geoscience","cuda","H100",2,3.540296,2.505156,3748.939384,454363.0,16.0
"aidw-omp","aidw","Geoscience","omp","3080",1,2.055293,2.055293,27399.949923,3622731.0,8.0
"aidw-omp","aidw","Geoscience","omp","A10",1,1.290245,1.290245,18138.479912,5770821.0,8.0
"aidw-omp","aidw","Geoscience","omp","A100",1,1.738111,1.738111,31609.147485,4766549.0,12.0
"aidw-omp","aidw","Geoscience","omp","H100",1,2.244869,2.244869,22274.564299,3503701.0,12.0
"aligned-types-cuda","aligned-types","Language and kernel features","cuda","3080",4,0.0,0.0,0.0,146763.0,36.0
"aligned-types-cuda","aligned-types","Language and kernel features","cuda","A10",4,0.0,0.0,0.0,204576.0,36.0
"aligned-types-cuda","aligned-types","Language and kernel features","cuda","A100",4,0.813305,0.379493,0.290009,73899.0,24.0
"aligned-types-cuda","aligned-types","Language and kernel features","cuda","H100",4,0.0,0.0,0.0,42357.0,45.0
"aligned-types-omp","aligned-types","Language and kernel features","omp","3080",2,0.0,0.0,0.0,178730.5,27.0
"aligned-types-omp","aligned-types","Language and kernel features","omp","A10",2,0.0,0.0,0.0,258368.0,27.0
"aligned-types-omp","aligned-types","Language and kernel features","omp","A100",2,0.646728,0.502785,0.57157,132914.5,17.0
"aligned-types-omp","aligned-types","Language and kernel features","omp","H100",2,0.0,0.0,0.0,78845.0,37.0
"all-pairs-distance-cuda","all-pairs-distance","Bioinformatics","cuda","3080",3,0.0,0.0,0.0,218027.0,36.0
"all-pairs-distance-cuda","all-pairs-distance","Bioinformatics","cuda","A10",3,0.0,0.0,0.0,332693.0,36.0
"all-pairs-distance-cuda","all-pairs-distance","Bioinformatics","cuda","A100",3,0.166252,0.00126,0.203013,159147.0,37.0
"all-pairs-distance-cuda","all-pairs-distance","Bioinformatics","cuda","H100",3,0.317234,0.0,0.0,82304.0,31.0
"all-pairs-distance-omp","all-pairs-distance","Bioinformatics","omp","3080",2,0.0,0.0,0.0,577435.0,27.0
"all-pairs-distance-omp","all-pairs-distance","Bioinformatics","omp","A10",2,0.0,0.0,0.0,885333.5,27.0
"all-pairs-distance-omp","all-pairs-distance","Bioinformatics","omp","A100",2,0.074431,0.037216,11.4305,300864.0,33.0
"all-pairs-distance-omp","all-pairs-distance","Bioinformatics","omp","H100",2,0.001489,0.001284,0.1973,159994.5,34.0
"amgmk-cuda","amgmk","Simulation","cuda","3080",1,0.080099,0.080099,0.145392,44885.0,30.0
"amgmk-cuda","amgmk","Simulation","cuda","A10",1,0.05565,0.05565,0.121505,64597.0,30.0
"amgmk-cuda","amgmk","Simulation","cuda","A100",1,0.289888,0.289888,0.358207,15851.0,30.0
"amgmk-cuda","amgmk","Simulation","cuda","H100",1,0.409037,0.409037,0.28015,8789.0,29.0
"amgmk-omp","amgmk","Simulation","omp","3080",1,0.125215,0.125215,0.359849,43424.0,20.0
"amgmk-omp","amgmk","Simulation","omp","A10",1,0.081039,0.081039,0.292147,67072.0,20.0
"amgmk-omp","amgmk","Simulation","omp","A100",1,0.260494,0.260494,0.462429,22795.0,26.0
"amgmk-omp","amgmk","Simulation","omp","H100",1,0.463161,0.463161,0.424631,11765.0,22.0
"ans-cuda","ans","Data encoding, decoding, or verification","cuda","3080",5,0.0,0.0,0.0,183339.0,36.0
"ans-cuda","ans","Data encoding, decoding, or verification","cuda","A10",5,0.0,0.0,0.0,288213.0,36.0
"ans-cuda","ans","Data encoding, decoding, or verification","cuda","A100",5,0.428648,0.026558,0.499826,175221.0,28.0
"ans-cuda","ans","Data encoding, decoding, or verification","cuda","H100",5,0.096145,0.059269,0.46987,92864.0,37.0
"aobench-cuda","aobench","Computer vision and image processing","cuda","3080",1,3.894558,3.894558,12419.834513,161237.0,4.0
"aobench-cuda","aobench","Computer vision and image processing","cuda","A10",1,2.384556,2.384556,33449.453364,263339.0,4.0
"aobench-cuda","aobench","Computer vision and image processing","cuda","A100",1,4.299448,4.299448,67422.159309,155232.0,7.0
"aobench-cuda","aobench","Computer vision and image processing","cuda","H100",1,6.662552,6.662552,65825.750468,100331.0,8.0
"aobench-omp","aobench","Computer vision and image processing","omp","3080",1,2.414662,2.414662,19008.753661,355360.0,7.0
"aobench-omp","aobench","Computer vision and image processing","omp","A10",1,1.500388,1.500388,12203.342644,571904.0,7.0
"aobench-omp","aobench","Computer vision and image processing","omp","A100",1,2.101713,2.101713,15334.513235,445163.0,10.0
"aobench-omp","aobench","Computer vision and image processing","omp","H100",1,5.896186,5.896186,21408.594507,158635.0,6.0
"aop-cuda","aop","Finance","cuda","3080",7,0.30506,0.05571,1.935905,43264.0,19.0
"aop-cuda","aop","Finance","cuda","A10",7,0.18753,0.034898,1.74199,69013.0,21.0
"aop-cuda","aop","Finance","cuda","A100",7,2.643715,0.177436,2.094652,30443.0,11.0
"aop-cuda","aop","Finance","cuda","H100",7,5.440587,0.250687,2.123835,21621.0,10.0
"aop-omp","aop","Finance","omp","3080",4,0.305065,0.042854,1.330369,1284869.5,16.0
"aop-omp","aop","Finance","omp","A10",4,0.187511,0.027538,1.15213,2076984.0,17.0
"aop-omp","aop","Finance","omp","A100",4,2.581618,0.109135,1.49887,331554.5,8.0
"aop-omp","aop","Finance","omp","H100",4,4.025067,0.112919,1.38514,201896.0,9.0
"asmooth-cuda","asmooth","Computer vision and image processing","cuda","3080",3,0.343829,0.301748,0.832925,3312629.0,18.0
"asmooth-cuda","asmooth","Computer vision and image processing","cuda","A10",3,0.217982,0.202044,0.678359,4947435.0,18.0
"asmooth-cuda","asmooth","Computer vision and image processing","cuda","A100",3,1.114961,0.942766,2.179403,2761472.0,20.0
"asmooth-cuda","asmooth","Computer vision and image processing","cuda","H100",3,1.284378,0.714837,0.83802,1398368.0,21.0
"asmooth-omp","asmooth","Computer vision and image processing","omp","3080",2,0.435672,0.294872,1.06243,6721035.0,13.0
"asmooth-omp","asmooth","Computer vision and image processing","omp","A10",2,0.279019,0.190071,0.835874,10322944.0,13.0
"asmooth-omp","asmooth","Computer vision and image processing","omp","A100",2,0.584991,0.539788,2.49284,7280059.0,19.0
"asmooth-omp","asmooth","Computer vision and image processing","omp","H100",2,0.701312,0.483486,1.242741,4740709.5,19.0
"assert-cuda","assert","algorithms","cuda","3080",3,0.0,0.0,0.0,2485.0,36.0
"assert-cuda","assert","algorithms","cuda","A10",3,0.0,0.0,0.0,3851.0,36.0
"assert-cuda","assert","algorithms","cuda","A100",3,0.0,0.0,0.0,2944.0,49.0
"assert-cuda","assert","algorithms","cuda","H100",3,0.0,0.0,0.0,2891.0,45.0
"assert-omp","assert","algorithms","omp","3080",2,0.0,0.0,0.0,2874.5,27.0
"assert-omp","assert","algorithms","omp","A10",2,0.0,0.0,0.0,4587.0,27.0
"assert-omp","assert","algorithms","omp","A100",2,0.0,0.0,0.0,3328.0,38.0
"assert-omp","assert","algorithms","omp","H100",2,0.00122,0.00061,0.557338,2923.0,35.0
"asta-cuda","asta","Language and kernel features","cuda","3080",1,0.0,0.0,0.0,18303627.0,36.0
"asta-cuda","asta","Language and kernel features","cuda","A10",1,0.0,0.0,0.0,29119179.0,36.0
"asta-cuda","asta","Language and kernel features","cuda","A100",1,0.002306,0.002306,1.124487,24838624.0,45.0
"asta-cuda","asta","Language and kernel features","cuda","H100",1,9.6e-05,9.6e-05,0.044853,19065109.0,44.0
"asta-omp","asta","Language and kernel features","omp","3080",1,0.0,0.0,0.0,18801109.0,27.0
"asta-omp","asta","Language and kernel features","omp","A10",1,0.0,0.0,0.0,30077067.0,27.0
"asta-omp","asta","Language and kernel features","omp","A100",1,0.002234,0.002234,1.100352,25265525.0,37.0
"asta-omp","asta","Language and kernel features","omp","H100",1,0.002812,0.002812,1.359268,20008064.0,32.0
"atan2-cuda","atan2","Math","cuda","3080",3,5.09573,3.489381,5.110791,174656.0,3.0
"atan2-cuda","atan2","Math","cuda","A10",3,3.691769,2.537271,4.63823,240416.0,3.0
"atan2-cuda","atan2","Math","cuda","A100",3,9.241909,7.744743,7.177835,104587.0,2.0
"atan2-cuda","atan2","Math","cuda","H100",3,18.76441,14.082709,6.986126,54677.0,1.0
"atan2-omp","atan2","Math","omp","3080",3,5.009449,3.378481,5.089282,177664.0,3.0
"atan2-omp","atan2","Math","omp","A10",3,3.539836,2.461791,4.563225,247787.0,3.0
"atan2-omp","atan2","Math","omp","A100",3,7.767673,5.955383,6.867837,129845.0,2.0
"atan2-omp","atan2","Math","omp","H100",3,14.368406,10.850411,6.993178,72245.0,3.0
"atomicAggregate-cuda","atomicAggregate","Data compression and reduction","cuda","3080",1,0.0,0.0,0.0,1923339.0,36.0
"atomicAggregate-cuda","atomicAggregate","Data compression and reduction","cuda","A10",1,0.0,0.0,0.0,3017557.0,36.0
"atomicAggregate-cuda","atomicAggregate","Data compression and reduction","cuda","A100",1,0.033487,0.033487,18726.007812,2004203.0,41.0
"atomicAggregate-cuda","atomicAggregate","Data compression and reduction","cuda","H100",1,0.0,0.0,0.0,1230475.0,45.0
"atomicCAS-cuda","atomicCAS","Data compression and reduction","cuda","3080",3,0.0,0.0,0.0,236042.5,36.0
"atomicCAS-cuda","atomicCAS","Data compression and reduction","cuda","A10",3,0.0,0.0,0.0,537114.5,36.0
"atomicCAS-cuda","atomicCAS","Data compression and reduction","cuda","A100",3,0.0,0.0,0.0,1411120.0,49.0
"atomicCAS-cuda","atomicCAS","Data compression and reduction","cuda","H100",3,0.0,0.0,0.0,762651.0,45.0
"atomicCost-cuda","atomicCost","Data compression and reduction","cuda","3080",2,1.387599,0.0,0.0,3282538.5,13.0
"atomicCost-cuda","atomicCost","Data compression and reduction","cuda","A10",2,1.008718,0.0,0.0,5101685.5,12.0
"atomicCost-cuda","atomicCost","Data compression and reduction","cuda","A100",2,2.10097,0.0,0.0,1988640.0,14.0
"atomicCost-cuda","atomicCost","Data compression and reduction","cuda","H100",2,4.016462,0.0,0.0,1142437.5,15.0
"atomicCost-omp","atomicCost","Data compression and reduction","omp","3080",2,1.322444,0.0,0.0,3882555.0,10.0
"atomicCost-omp","atomicCost","Data compression and reduction","omp","A10",2,0.946585,0.0,0.0,5639445.0,10.0
"atomicCost-omp","atomicCost","Data compression and reduction","omp","A100",2,2.442515,0.599802,1.037963,2170341.5,9.0
"atomicCost-omp","atomicCost","Data compression and reduction","omp","H100",2,3.017884,0.412719,0.262888,1250384.0,11.0
"atomicIntrinsics-cuda","atomicIntrinsics","Data compression and reduction","cuda","3080",1,0.0,0.0,0.0,218170165.0,36.0
"atomicIntrinsics-cuda","atomicIntrinsics","Data compression and reduction","cuda","A10",1,0.0,0.0,0.0,409868032.0,36.0
"atomicIntrinsics-cuda","atomicIntrinsics","Data compression and reduction","cuda","A100",1,0.001577,0.001577,11936.476596,339779072.0,46.0
"atomicIntrinsics-cuda","atomicIntrinsics","Data compression and reduction","cuda","H100",1,0.002543,0.002543,135.13427,211532939.0,42.0
"atomicIntrinsics-omp","atomicIntrinsics","Data compression and reduction","omp","3080",5,0.0,0.0,0.0,2437888.0,27.0
"atomicIntrinsics-omp","atomicIntrinsics","Data compression and reduction","omp","A10",5,0.0,0.0,0.0,3725461.0,27.0
"atomicIntrinsics-omp","atomicIntrinsics","Data compression and reduction","omp","A100",5,0.265888,0.265298,18343.195292,2023691.0,25.0
"atomicIntrinsics-omp","atomicIntrinsics","Data compression and reduction","omp","H100",5,0.634158,0.633893,5368.266553,846965.0,20.0
"atomicPerf-cuda","atomicPerf","Data compression and reduction","cuda","3080",6,0.127323,0.0,0.0,135349.0,28.0
"atomicPerf-cuda","atomicPerf","Data compression and reduction","cuda","A10",6,0.082474,0.0,0.0,212229.5,27.0
"atomicPerf-cuda","atomicPerf","Data compression and reduction","cuda","A100",6,0.304346,0.065231,2104.223031,141930.5,29.0
"atomicPerf-cuda","atomicPerf","Data compression and reduction","cuda","H100",6,0.570363,0.053365,1514.952885,87749.5,26.0
"atomicPerf-omp","atomicPerf","Data compression and reduction","omp","3080",6,0.066576,0.0,0.0,180288.0,23.0
"atomicPerf-omp","atomicPerf","Data compression and reduction","omp","A10",6,0.043552,0.0,0.0,282475.0,23.0
"atomicPerf-omp","atomicPerf","Data compression and reduction","omp","A100",6,0.308627,0.032844,874.370182,188565.0,24.0
"atomicPerf-omp","atomicPerf","Data compression and reduction","omp","H100",6,0.537819,0.106417,496.164342,116512.0,21.0
"atomicReduction-cuda","atomicReduction","algorithms","cuda","3080",5,0.0,0.0,0.0,300821.0,36.0
"atomicReduction-cuda","atomicReduction","algorithms","cuda","A10",5,0.0,0.0,0.0,432608.0,36.0
"atomicReduction-cuda","atomicReduction","algorithms","cuda","A100",5,0.009079,0.001456,0.001234,191701.0,44.0
"atomicReduction-cuda","atomicReduction","algorithms","cuda","H100",5,0.020276,0.002412,0.001235,108619.0,40.0
"atomicReduction-omp","atomicReduction","algorithms","omp","3080",6,0.0,0.0,0.0,466219.0,27.0
"atomicReduction-omp","atomicReduction","algorithms","omp","A10",6,0.0,0.0,0.0,733402.5,27.0
"atomicReduction-omp","atomicReduction","algorithms","omp","A100",6,0.22749,0.000767,0.00185,636661.5,28.0
"atomicReduction-omp","atomicReduction","algorithms","omp","H100",6,0.007386,0.003094,0.005808,324298.5,31.0
"atomicSystemWide-cuda","atomicSystemWide","Data compression and reduction","cuda","3080",1,0.0,0.0,0.0,27838848.0,36.0
"atomicSystemWide-cuda","atomicSystemWide","Data compression and reduction","cuda","A10",1,0.0,0.0,0.0,50190421.0,36.0
"atomicSystemWide-cuda","atomicSystemWide","Data compression and reduction","cuda","A100",1,0.0,0.0,0.0,44818891.0,49.0
"atomicSystemWide-cuda","atomicSystemWide","Data compression and reduction","cuda","H100",1,0.0,0.0,0.0,26691115.0,45.0
"attention-cuda","attention","Machine learning","cuda","3080",3,0.269975,0.088083,0.496628,497152.0,23.0
"attention-cuda","attention","Machine learning","cuda","A10",3,0.184158,0.054179,0.404703,728832.0,22.0
"attention-cuda","attention","Machine learning","cuda","A100",3,0.17808,0.066103,0.495827,754069.0,35.0
"attention-cuda","attention","Machine learning","cuda","H100",3,0.256925,0.094659,0.495619,522539.0,33.0
"attentionMultiHead-cuda","attentionMultiHead","Machine learning","cuda","3080",1,0.060085,0.060085,0.662154,14027.0,34.0
"attentionMultiHead-cuda","attentionMultiHead","Machine learning","cuda","A10",1,0.039547,0.039547,0.448258,21312.0,34.0
"attentionMultiHead-cuda","attentionMultiHead","Machine learning","cuda","A100",1,0.051106,0.051106,0.829234,20384.0,40.0
"attentionMultiHead-cuda","attentionMultiHead","Machine learning","cuda","H100",1,0.051865,0.051865,0.82808,20085.0,38.0
"axhelm-cuda","axhelm","Simulation","cuda","3080",1,3.119003,3.119003,5.881511,462261.0,5.0
"axhelm-cuda","axhelm","Simulation","cuda","A10",1,2.024617,2.024617,4.82078,712128.0,6.0
"axhelm-cuda","axhelm","Simulation","cuda","A100",1,5.021897,5.021897,6.049857,287509.0,5.0
"axhelm-cuda","axhelm","Simulation","cuda","H100",1,10.333127,10.333127,6.067074,139531.0,5.0
"axhelm-omp","axhelm","Simulation","omp","3080",1,3.958061,3.958061,5.866345,364267.0,4.0
"axhelm-omp","axhelm","Simulation","omp","A10",1,2.702494,2.702494,5.096066,533504.0,4.0
"axhelm-omp","axhelm","Simulation","omp","A100",1,6.070675,6.070675,5.984221,238176.0,3.0
"axhelm-omp","axhelm","Simulation","omp","H100",1,10.37141,10.37141,6.026663,139019.0,4.0
"babelstream-cuda","babelstream","Bandwidth","cuda","3080",7,0.174402,0.057698,0.083476,580619.0,26.0
"babelstream-cuda","babelstream","Bandwidth","cuda","A10",7,0.119185,0.041542,0.075495,808043.0,26.0
"babelstream-cuda","babelstream","Bandwidth","cuda","A100",7,0.849141,0.584337,0.424608,287701.0,23.0
"babelstream-cuda","babelstream","Bandwidth","cuda","H100",7,0.572818,0.234091,0.085438,144427.0,25.0
"babelstream-omp","babelstream","Bandwidth","omp","3080",9,0.32642,0.056218,0.083355,596821.0,15.0
"babelstream-omp","babelstream","Bandwidth","omp","A10",9,0.216682,0.040554,0.074571,832021.0,15.0
"babelstream-omp","babelstream","Bandwidth","omp","A100",9,0.69396,0.55081,0.449714,312864.0,16.0
"babelstream-omp","babelstream","Bandwidth","omp","H100",9,1.405073,0.188171,0.085375,178507.0,16.0
"background-subtract-cuda","background-subtract","Computer vision and image processing","cuda","3080",1,0.061016,0.061016,0.505439,483499.0,33.0
"background-subtract-cuda","background-subtract","Computer vision and image processing","cuda","A10",1,0.039898,0.039898,0.432548,739424.0,33.0
"background-subtract-cuda","background-subtract","Computer vision and image processing","cuda","A100",1,0.289686,0.289686,0.590713,101835.0,31.0
"background-subtract-cuda","background-subtract","Computer vision and image processing","cuda","H100",1,0.510647,0.510647,0.628405,57771.0,27.0
"background-subtract-omp","background-subtract","Computer vision and image processing","omp","3080",1,0.05623,0.05623,0.503907,524619.0,24.0
"background-subtract-omp","background-subtract","Computer vision and image processing","omp","A10",1,0.036811,0.036811,0.385043,801440.0,24.0
"background-subtract-omp","background-subtract","Computer vision and image processing","omp","A100",1,0.169332,0.169332,0.58907,174219.0,30.0
"background-subtract-omp","background-subtract","Computer vision and image processing","omp","H100",1,0.285861,0.285861,0.619094,103200.0,23.0
"backprop-cuda","backprop","Machine learning","cuda","3080",2,0.184848,0.155776,0.32745,26336.0,25.0
"backprop-cuda","backprop","Machine learning","cuda","A10",2,0.135145,0.109977,0.295159,37557.5,25.0
"backprop-cuda","backprop","Machine learning","cuda","A100",2,0.707226,0.575612,1.284295,14864.0,25.0
"backprop-cuda","backprop","Machine learning","cuda","H100",2,0.682675,0.496588,0.611714,8800.0,24.0
"backprop-omp","backprop","Machine learning","omp","3080",1,0.051237,0.051237,0.351035,60117.0,25.0
"backprop-omp","backprop","Machine learning","omp","A10",1,0.033964,0.033964,0.31553,90677.0,25.0
"backprop-omp","backprop","Machine learning","omp","A100",1,0.259209,0.259209,1.536804,28064.0,27.0
"backprop-omp","backprop","Machine learning","omp","H100",1,0.18645,0.18645,0.653987,16608.0,27.0
"bfs-cuda","bfs","Search","cuda","3080",2,0.0,0.0,0.0,7979.0,36.0
"bfs-cuda","bfs","Search","cuda","A10",2,0.0,0.0,0.0,12187.0,36.0
"bfs-cuda","bfs","Search","cuda","A100",2,0.0,0.0,0.0,7888.0,49.0
"bfs-cuda","bfs","Search","cuda","H100",2,0.0,0.0,0.0,5248.0,45.0
"bfs-omp","bfs","Search","omp","3080",1,0.0,0.0,0.0,11387.0,27.0
"bfs-omp","bfs","Search","omp","A10",1,0.0,0.0,0.0,17499.0,27.0
"bfs-omp","bfs","Search","omp","A100",1,0.342787,0.342787,3.97952,11669.0,22.0
"bfs-omp","bfs","Search","omp","H100",1,0.0,0.0,0.0,8091.0,37.0
"bh-cuda","bh","Simulation","cuda","3080",9,0.013669,0.0,0.0,7669.0,35.0
"bh-cuda","bh","Simulation","cuda","A10",9,0.008467,0.0,0.0,12576.0,35.0
"bh-cuda","bh","Simulation","cuda","A100",9,0.014544,0.000241,0.356325,11179.0,43.0
"bh-cuda","bh","Simulation","cuda","H100",9,0.020036,0.000242,0.211395,9963.0,41.0
"bilateral-cuda","bilateral","Computer vision and image processing","cuda","3080",1,7.664604,7.371101,511.491915,2393968.0,1.0
"bilateral-cuda","bilateral","Computer vision and image processing","cuda","A10",1,4.982079,4.788759,378.635705,3686170.5,1.0
"bilateral-cuda","bilateral","Computer vision and image processing","cuda","A100",1,9.801034,9.445438,829.138104,2232320.0,1.0
"bilateral-cuda","bilateral","Computer vision and image processing","cuda","H100",1,17.834357,17.146058,863.044278,1140853.5,2.0
"bilateral-omp","bilateral","Computer vision and image processing","omp","3080",3,6.48659,6.281684,770.368116,4249984.0,2.0
"bilateral-omp","bilateral","Computer vision and image processing","omp","A10",3,4.226271,4.094747,605.188884,6519829.0,2.0
"bilateral-omp","bilateral","Computer vision and image processing","omp","A100",3,9.318012,9.232706,1356.891563,3829675.0,1.0
"bilateral-omp","bilateral","Computer vision and image processing","omp","H100",3,14.905083,14.760273,1276.446784,2005077.0,2.0
"bincount-cuda","bincount","Machine learning","cuda","3080",1,0.22223,0.130304,3.112435,1986101.5,24.0
"bincount-cuda","bincount","Machine learning","cuda","A10",1,0.14161,0.083038,2.611618,3115776.0,24.0
"bincount-cuda","bincount","Machine learning","cuda","A100",1,0.268335,0.150718,3.540215,2280773.5,33.0
"bincount-cuda","bincount","Machine learning","cuda","H100",1,0.33529,0.202898,3.542881,1399621.5,30.0
"binomial-cuda","binomial","Finance","cuda","3080",1,6.294022,6.294022,172251.227072,1034571.0,2.0
"binomial-cuda","binomial","Finance","cuda","A10",1,4.095446,4.095446,138362.322617,1589963.0,2.0
"binomial-cuda","binomial","Finance","cuda","A100",1,5.760048,5.760048,174461.884472,1130752.0,3.0
"binomial-cuda","binomial","Finance","cuda","H100",1,12.21587,12.21587,52310.091879,533131.0,3.0
"binomial-omp","binomial","Finance","omp","3080",1,7.519171,7.519171,132518.070556,868512.0,1.0
"binomial-omp","binomial","Finance","omp","A10",1,4.852718,4.852718,124639.595858,1345739.0,1.0
"binomial-omp","binomial","Finance","omp","A100",1,5.788156,5.788156,167133.203413,1128523.0,4.0
"binomial-omp","binomial","Finance","omp","H100",1,16.924137,16.924137,163899.251161,385931.0,1.0
"bitonic-sort-cuda","bitonic-sort","Sorting","cuda","3080",1,0.0,0.0,0.0,387819.0,36.0
"bitonic-sort-cuda","bitonic-sort","Sorting","cuda","A10",1,0.0,0.0,0.0,534955.0,36.0
"bitonic-sort-cuda","bitonic-sort","Sorting","cuda","A100",1,0.0,0.0,0.0,241376.0,49.0
"bitonic-sort-cuda","bitonic-sort","Sorting","cuda","H100",1,0.463626,0.463626,0.280202,144747.0,28.0
"bitonic-sort-omp","bitonic-sort","Sorting","omp","3080",1,0.0,0.0,0.0,427104.0,27.0
"bitonic-sort-omp","bitonic-sort","Sorting","omp","A10",1,0.0,0.0,0.0,614923.0,27.0
"bitonic-sort-omp","bitonic-sort","Sorting","omp","A100",1,0.0,0.0,0.0,323808.0,38.0
"bitonic-sort-omp","bitonic-sort","Sorting","omp","H100",1,0.0,0.0,0.0,206773.0,37.0
"bitpacking-cuda","bitpacking","Data compression and reduction","cuda","3080",1,0.0,0.0,0.0,3509.0,36.0
"bitpacking-cuda","bitpacking","Data compression and reduction","cuda","A10",1,0.0,0.0,0.0,5760.0,36.0
"bitpacking-cuda","bitpacking","Data compression and reduction","cuda","A100",1,0.000734,0.000418,0.330729,4864.0,47.0
"bitpacking-cuda","bitpacking","Data compression and reduction","cuda","H100",1,0.000707,0.000542,0.274533,3776.0,43.0
"bitpermute-cuda","bitpermute","Cryptography","cuda","3080",2,0.0,0.0,0.0,4245.5,36.0
"bitpermute-cuda","bitpermute","Cryptography","cuda","A10",2,0.0,0.0,0.0,6832.0,36.0
"bitpermute-cuda","bitpermute","Cryptography","cuda","A100",2,4.4e-05,2.2e-05,0.004661,5760.0,48.0
"bitpermute-cuda","bitpermute","Cryptography","cuda","H100",2,0.0,0.0,0.0,4346.5,45.0
"black-scholes-cuda","black-scholes","Finance","cuda","3080",1,3.114214,3.114214,4.496283,2898219.0,6.0
"black-scholes-cuda","black-scholes","Finance","cuda","A10",1,2.065111,2.065111,4.04285,4370560.0,5.0
"black-scholes-cuda","black-scholes","Finance","cuda","A100",1,5.194044,5.194044,5.180043,1993707.0,4.0
"black-scholes-cuda","black-scholes","Finance","cuda","H100",1,10.505127,10.505127,5.081592,966709.0,4.0
"black-scholes-omp","black-scholes","Finance","omp","3080",1,2.860437,2.860437,4.335892,3054240.0,6.0
"black-scholes-omp","black-scholes","Finance","omp","A10",1,2.101621,2.101621,3.887775,4157024.0,5.0
"black-scholes-omp","black-scholes","Finance","omp","A100",1,4.436463,4.436463,4.879202,2199520.0,5.0
"black-scholes-omp","black-scholes","Finance","omp","H100",1,8.173537,8.173537,4.882026,1193867.0,5.0
"blockAccess-cuda","blockAccess","Language and kernel features","cuda","3080",2,0.0,0.0,0.0,477978.5,36.0
"blockAccess-cuda","blockAccess","Language and kernel features","cuda","A10",2,0.0,0.0,0.0,671264.0,36.0
"blockAccess-cuda","blockAccess","Language and kernel features","cuda","A100",2,0.278582,0.139291,0.101218,241408.0,32.0
"blockAccess-cuda","blockAccess","Language and kernel features","cuda","H100",2,0.0,0.0,0.0,111269.5,45.0
"blockexchange-cuda","blockexchange","Language and kernel features","cuda","3080",1,0.0,0.0,0.0,942027.0,36.0
"blockexchange-cuda","blockexchange","Language and kernel features","cuda","A10",1,0.0,0.0,0.0,1362379.0,36.0
"blockexchange-cuda","blockexchange","Language and kernel features","cuda","A100",1,0.0,0.0,0.0,573941.0,49.0
"blockexchange-cuda","blockexchange","Language and kernel features","cuda","H100",1,0.0,0.0,0.0,343285.0,45.0
"bn-omp","bn","Machine learning","omp","3080",4,0.0,0.0,0.0,23008.0,27.0
"bn-omp","bn","Machine learning","omp","A10",4,0.0,0.0,0.0,37429.5,27.0
"bn-omp","bn","Machine learning","omp","A100",4,0.615598,0.000364,0.257165,23736.0,18.0
"bn-omp","bn","Machine learning","omp","H100",4,0.001871,0.000222,0.001485,16029.0,33.0
"bonds-cuda","bonds","Finance","cuda","3080",1,0.29467,0.29467,0.51479,62557131.0,21.0
"bonds-cuda","bonds","Finance","cuda","A10",1,0.188377,0.188377,0.356424,97857291.0,20.0
"bonds-cuda","bonds","Finance","cuda","A100",1,0.619079,0.619079,3.296175,36985024.0,26.0
"bonds-cuda","bonds","Finance","cuda","H100",1,1.360432,1.360432,6.552192,17062549.0,20.0
"boxfilter-cuda","boxfilter","Computer vision and image processing","cuda","3080",2,1.49126,0.760216,6.675897,247269.0,12.0
"boxfilter-cuda","boxfilter","Computer vision and image processing","cuda","A10",2,0.969159,0.493993,5.510525,382768.0,13.0
"boxfilter-cuda","boxfilter","Computer vision and image processing","cuda","A100",2,1.263165,0.641019,13.48726,374373.5,19.0
"boxfilter-cuda","boxfilter","Computer vision and image processing","cuda","H100",2,3.242767,1.632897,12.98539,288901.0,17.0
"boxfilter-omp","boxfilter","Computer vision and image processing","omp","3080",1,0.516265,0.516265,11.768218,178736.0,12.0
"boxfilter-omp","boxfilter","Computer vision and image processing","omp","A10",1,0.339053,0.339053,10.36954,272155.0,12.0
"boxfilter-omp","boxfilter","Computer vision and image processing","omp","A100",1,1.095581,1.095581,24.304516,93339.0,15.0
"boxfilter-omp","boxfilter","Computer vision and image processing","omp","H100",1,1.772279,1.772279,24.331934,57797.0,15.0
"bsearch-cuda","bsearch","Search","cuda","3080",4,0.0,0.0,0.0,7920.0,36.0
"bsearch-cuda","bsearch","Search","cuda","A10",4,0.0,0.0,0.0,12170.5,36.0
"bsearch-cuda","bsearch","Search","cuda","A100",4,0.0,0.0,0.0,11797.5,49.0
"bsearch-cuda","bsearch","Search","cuda","H100",4,0.0,0.0,0.0,7920.0,45.0
"bsearch-omp","bsearch","Search","omp","3080",3,0.0,0.0,0.0,8544.0,27.0
"bsearch-omp","bsearch","Search","omp","A10",3,0.0,0.0,0.0,13120.0,27.0
"bsearch-omp","bsearch","Search","omp","A100",3,0.021806,0.020774,1.288861,12619.0,35.0
"bsearch-omp","bsearch","Search","omp","H100",3,0.015857,0.01543,0.646115,8597.0,30.0
"bspline-vgh-cuda","bspline-vgh","Simulation","cuda","3080",1,0.122995,0.122995,2.919163,12491.0,29.0
"bspline-vgh-cuda","bspline-vgh","Simulation","cuda","A10",1,0.076002,0.076002,2.418912,20213.0,29.0
"bspline-vgh-cuda","bspline-vgh","Simulation","cuda","A100",1,0.148489,0.148489,2.93475,10400.0,38.0
"bspline-vgh-cuda","bspline-vgh","Simulation","cuda","H100",1,0.204867,0.204867,2.920273,7499.0,34.0
"bspline-vgh-omp","bspline-vgh","Simulation","omp","3080",1,0.184406,0.184406,2.887005,8331.0,19.0
"bspline-vgh-omp","bspline-vgh","Simulation","omp","A10",1,0.116998,0.116998,2.494933,13131.0,19.0
"bspline-vgh-omp","bspline-vgh","Simulation","omp","A100",1,0.148052,0.148052,2.93905,10485.0,32.0
"bspline-vgh-omp","bspline-vgh","Simulation","omp","H100",1,0.191478,0.191478,2.939753,8107.0,26.0
"btree-cuda","btree","algorithms","cuda","3080",1,0.0,0.0,0.0,2496.0,36.0
"btree-cuda","btree","algorithms","cuda","A10",1,0.0,0.0,0.0,4053.0,36.0
"btree-cuda","btree","algorithms","cuda","A100",1,0.0,0.0,0.0,3339.0,49.0
"btree-cuda","btree","algorithms","cuda","H100",1,0.0,0.0,0.0,2752.0,45.0
"burger-cuda","burger","Simulation","cuda","3080",4,0.30334,0.0,0.0,1570346.5,20.0
"burger-cuda","burger","Simulation","cuda","A10",4,0.197389,0.0,0.0,2202320.0,19.0
"burger-cuda","burger","Simulation","cuda","A100",4,3.327708,0.098306,2.115542,764805.0,9.0
"burger-cuda","burger","Simulation","cuda","H100",4,6.126643,0.010602,1.828188,354138.5,9.0
"burger-omp","burger","Simulation","omp","3080",4,0.25102,0.0,0.0,1591053.5,18.0
"burger-omp","burger","Simulation","omp","A10",4,0.163825,0.0,0.0,2212384.0,18.0
"burger-omp","burger","Simulation","omp","A100",4,1.269949,0.088582,0.782202,804487.5,14.0
"burger-omp","burger","Simulation","omp","H100",4,1.852436,0.009733,0.810674,413990.5,14.0
"bwt-cuda","bwt","Data compression and reduction","cuda","3080",3,0.0,0.0,0.0,306005.0,36.0
"bwt-cuda","bwt","Data compression and reduction","cuda","A10",3,0.0,0.0,0.0,458645.0,36.0
"bwt-cuda","bwt","Data compression and reduction","cuda","A100",3,0.923718,0.087091,0.173132,150933.0,21.0
"bwt-cuda","bwt","Data compression and reduction","cuda","H100",3,0.155949,0.0,0.0,85440.0,36.0
"bwt-omp","bwt","Data compression and reduction","omp","3080",2,0.0,0.0,0.0,187306.5,27.0
"bwt-omp","bwt","Data compression and reduction","omp","A10",2,0.0,0.0,0.0,277216.0,27.0
"bwt-omp","bwt","Data compression and reduction","omp","A100",2,0.315003,0.157502,0.319126,139904.0,23.0
"bwt-omp","bwt","Data compression and reduction","omp","H100",2,0.1507,0.07535,0.097704,87621.5,28.0
"car-cuda","car","Computer vision and image processing","cuda","3080",1,1.320681,1.320681,1.875671,22240896.0,14.0
"car-cuda","car","Computer vision and image processing","cuda","A10",1,0.952445,0.952445,1.663806,30839819.0,14.0
"car-cuda","car","Computer vision and image processing","cuda","A100",1,2.411681,2.411681,2.31411,14136117.0,12.0
"car-cuda","car","Computer vision and image processing","cuda","H100",1,5.059816,5.059816,2.888574,6178219.0,11.0
"car-omp","car","Computer vision and image processing","omp","3080",1,1.267415,1.267415,1.894044,23547925.0,11.0
"car-omp","car","Computer vision and image processing","omp","A10",1,0.90775,0.90775,1.690234,32878229.0,11.0
"car-omp","car","Computer vision and image processing","omp","A100",1,1.991675,1.991675,2.410745,18064779.0,11.0
"car-omp","car","Computer vision and image processing","omp","H100",1,3.068618,3.068618,2.137589,10340981.0,10.0
"cbsfil-cuda","cbsfil","Computer vision and image processing","cuda","3080",2,0.06339,0.049562,0.309861,10946629.0,32.0
"cbsfil-cuda","cbsfil","Computer vision and image processing","cuda","A10",2,0.042961,0.035612,0.205944,14673258.5,32.0
"cbsfil-cuda","cbsfil","Computer vision and image processing","cuda","A100",2,0.056626,0.049754,0.321733,10254405.5,39.0
"cbsfil-cuda","cbsfil","Computer vision and image processing","cuda","H100",2,0.174388,0.119652,0.325027,5288656.0,35.0
"cbsfil-omp","cbsfil","Computer vision and image processing","omp","3080",1,0.030801,0.030801,0.30209,16252341.0,26.0
"cbsfil-omp","cbsfil","Computer vision and image processing","omp","A10",1,0.025596,0.025596,0.188939,19554571.0,26.0
"cbsfil-omp","cbsfil","Computer vision and image processing","omp","A100",1,0.044103,0.044103,0.32114,11352123.0,34.0
"cbsfil-omp","cbsfil","Computer vision and image processing","omp","H100",1,0.050372,0.050372,0.324045,9936517.0,29.0
"ccsd-trpdrv-cuda","ccsd-trpdrv","Simulation","cuda","3080",1,0.127374,0.127374,2.027794,44832.0,27.0
"ccsd-trpdrv-cuda","ccsd-trpdrv","Simulation","cuda","A10",1,0.077983,0.077983,1.628072,73227.0,28.0
"ccsd-trpdrv-cuda","ccsd-trpdrv","Simulation","cuda","A100",1,0.483119,0.483119,2.211408,11819.0,27.0
"ccsd-trpdrv-cuda","ccsd-trpdrv","Simulation","cuda","H100",1,0.717609,0.717609,2.211017,7957.0,23.0
"ccsd-trpdrv-omp","ccsd-trpdrv","Simulation","omp","3080",1,0.094484,0.094484,2.050759,62080.0,21.0
"ccsd-trpdrv-omp","ccsd-trpdrv","Simulation","omp","A10",1,0.05757,0.05757,1.539712,101888.0,21.0
"ccsd-trpdrv-omp","ccsd-trpdrv","Simulation","omp","A100",1,0.163482,0.163482,2.38447,37835.0,31.0
"ccsd-trpdrv-omp","ccsd-trpdrv","Simulation","omp","H100",1,0.225286,0.225286,2.262357,26037.0,25.0
"ced-cuda","ced","Computer vision and image processing","cuda","3080",4,1.21894,0.288674,5.666143,7072.0,15.0
"ced-cuda","ced","Computer vision and image processing","cuda","A10",4,0.800497,0.203882,6.963046,9936.0,15.0
"ced-cuda","ced","Computer vision and image processing","cuda","A100",4,1.368062,0.368377,11.639433,7226.5,18.0
"ced-cuda","ced","Computer vision and image processing","cuda","H100",4,2.028515,0.416298,8.723712,4757.0,19.0
"cfd-cuda","cfd","algorithms","cuda","3080",1,2.349191,2.349191,6.318502,27531.0,8.0
"cfd-cuda","cfd","algorithms","cuda","A10",1,1.529588,1.529588,5.380889,42283.0,8.0
"cfd-cuda","cfd","algorithms","cuda","A100",1,1.873372,1.873372,8.040291,35147.0,15.0
"cfd-cuda","cfd","algorithms","cuda","H100",1,4.54787,4.54787,7.90431,14229.0,12.0
